0,1,2,3,4,5,6,7,8,9,10,11,12,13,14,15,16,17,18,19,20,21,22,23,24,25,26,27,28,29,30,31,32,33,34,35,36,37,38,39,40,41,42,43,44,45,46,47,48,49,50,51,52,53,54,55,56,57,58,59,60,61,62,63
0.8010968565940857,0.8214329481124878,5.081569725007284e-07,0.72110915184021,0.7876719236373901,-0.025486916303634644,0.6466791033744812,0.7044191956520081,-0.037849459797143936,0.5955575704574585,0.6377519369125366,-0.04960334673523903,0.5434801578521729,0.6074005365371704,-0.0625520572066307,0.6968006491661072,0.5410166382789612,-0.019871719181537628,0.656606912612915,0.4356743097305298,-0.040120091289281845,0.634494960308075,0.3685583472251892,-0.05791787803173065,0.6213560104370117,0.30787745118141174,-0.07280980050563812,0.7505624890327454,0.5161698460578918,-0.028221819549798965,0.7315353751182556,0.38208499550819397,-0.044894784688949585,0.7262846827507019,0.2981148362159729,-0.061507560312747955,0.7258324027061462,0.22817042469978333,-0.07521436363458633,0.8052337765693665,0.5232109427452087,-0.04122230038046837,0.8040062785148621,0.39989927411079407,-0.06353925913572311,0.805601954460144,0.3225928843021393,-0.08075292408466339,0.806376576423645,0.2532128691673279,-0.09414790570735931,0.8585068583488464,0.553683340549469,-0.05661235377192497,0.8833976984024048,0.46527373790740967,-0.07765550911426544,0.9026358723640442,0.4054167866706848,-0.0875953659415245,0.9180225729942322,0.34781762957572937,-0.09561828523874283,0
0.7990505695343018,0.8139159679412842,5.323881850927137e-07,0.721962571144104,0.781928300857544,-0.027774829417467117,0.6522399187088013,0.7006664276123047,-0.0422116182744503,0.602388858795166,0.6309875845909119,-0.05576807260513306,0.5503637790679932,0.6005480289459229,-0.0704747810959816,0.7006810307502747,0.5375698804855347,-0.022830218076705933,0.6651379466056824,0.4290851354598999,-0.04365408048033714,0.6433182954788208,0.36092910170555115,-0.06223278120160103,0.62962406873703,0.2988002598285675,-0.07797378301620483,0.7539796233177185,0.5136045217514038,-0.030388949438929558,0.738385796546936,0.38047245144844055,-0.047433193773031235,0.7335803508758545,0.29578664898872375,-0.06445930898189545,0.7327176332473755,0.22537729144096375,-0.07890919595956802,0.8075687885284424,0.521070659160614,-0.042606234550476074,0.8111360669136047,0.3960174024105072,-0.0653754249215126,0.8145118355751038,0.3177640438079834,-0.08253099024295807,0.8159363865852356,0.24776527285575867,-0.09623821824789047,0.8592915534973145,0.5523855686187744,-0.05746538192033768,0.887671709060669,0.4653576612472534,-0.0800776556134224,0.9079379439353943,0.4045482873916626,-0.09090444445610046,0.924322783946991,0.3461679518222809,-0.099540114402771,0
0.8018254637718201,0.8187268972396851,5.187629312786157e-07,0.7229830622673035,0.784531831741333,-0.028768884018063545,0.6519843339920044,0.7016383409500122,-0.043150849640369415,0.6010000705718994,0.6315438747406006,-0.056505605578422546,0.5476995706558228,0.5999399423599243,-0.070760078728199,0.7019817233085632,0.5381680130958557,-0.022059999406337738,0.6670286059379578,0.43091076612472534,-0.04284002259373665,0.6456631422042847,0.3638175129890442,-0.061731960624456406,0.6312757730484009,0.302225798368454,-0.07781199365854263,0.7550784945487976,0.5140427947044373,-0.029079046100378036,0.7389940023422241,0.38179266452789307,-0.04613225534558296,0.7334471344947815,0.298210471868515,-0.06336315721273422,0.7307215332984924,0.22791370749473572,-0.07798261195421219,0.8087637424468994,0.5211360454559326,-0.04098073020577431,0.8106294274330139,0.3973296582698822,-0.06343016028404236,0.8131415843963623,0.3182578682899475,-0.08058875799179077,0.813185453414917,0.2474384307861328,-0.09436700493097305,0.8609263300895691,0.5520558953285217,-0.05573240667581558,0.8889917135238647,0.46497735381126404,-0.07754344493150711,0.9086039066314697,0.40396350622177124,-0.08824365586042404,0.923895537853241,0.3458196520805359,-0.09690467268228531,0
0.8078410625457764,0.8240981101989746,5.371055635805533e-07,0.7309243679046631,0.78830885887146,-0.027903767302632332,0.6582300662994385,0.7068683505058289,-0.04315120726823807,0.607106626033783,0.6395447850227356,-0.05760656297206879,0.5559604167938232,0.6066551208496094,-0.07320763170719147,0.7064775228500366,0.5428068041801453,-0.024225225672125816,0.6710026860237122,0.4358590245246887,-0.04704146832227707,0.6501247882843018,0.3677533268928528,-0.06715913861989975,0.6367523670196533,0.3056342899799347,-0.08381226658821106,0.7594748139381409,0.5184525847434998,-0.03224361315369606,0.7442688345909119,0.3853515386581421,-0.05133252590894699,0.7398396730422974,0.30146026611328125,-0.06975720077753067,0.7382529377937317,0.23137617111206055,-0.08479234576225281,0.8133484125137329,0.5257757902145386,-0.044898662716150284,0.8143188953399658,0.4037889838218689,-0.06893842667341232,0.8180275559425354,0.32553184032440186,-0.08689560741186142,0.8201781511306763,0.25600242614746094,-0.10080531984567642,0.8651949167251587,0.5577989816665649,-0.06016466021537781,0.892427921295166,0.4716232419013977,-0.08283313363790512,0.9136052131652832,0.4113200902938843,-0.09346920996904373,0.931228756904602,0.35451367497444153,-0.10178518295288086,0
0.8071107268333435,0.8242188692092896,5.133090894560155e-07,0.7303164005279541,0.7934014201164246,-0.028217775747179985,0.6584712266921997,0.7090803384780884,-0.04222404211759567,0.6078391671180725,0.6397892236709595,-0.055138178169727325,0.5561317205429077,0.6101871728897095,-0.06923185288906097,0.7085332274436951,0.5440117716789246,-0.02466738224029541,0.6733729243278503,0.43749916553497314,-0.046132102608680725,0.6525110602378845,0.3702917695045471,-0.06510170549154282,0.6387694478034973,0.3089933693408966,-0.08116830885410309,0.7616969347000122,0.5197550058364868,-0.03189551457762718,0.746653139591217,0.386294960975647,-0.049401476979255676,0.7417290806770325,0.3033145070075989,-0.0664462298154831,0.7395604848861694,0.23417982459068298,-0.08065419644117355,0.815958559513092,0.5279946327209473,-0.043705523014068604,0.8185107707977295,0.4054355025291443,-0.06653773039579391,0.8224933743476868,0.32684898376464844,-0.08404754847288132,0.8245573043823242,0.25649675726890564,-0.09794928878545761,0.8680264353752136,0.5614588856697083,-0.05820427089929581,0.8983713984489441,0.4768560528755188,-0.08071012794971466,0.9202598929405212,0.4163914918899536,-0.09190727770328522,0.9379392266273499,0.35848093032836914,-0.10081986337900162,0
0.8042793273925781,0.828575849533081,5.123432060827326e-07,0.7282938957214355,0.7930283546447754,-0.027248254045844078,0.6569802761077881,0.7080327272415161,-0.04081660881638527,0.606156051158905,0.637434720993042,-0.05365427955985069,0.5543387532234192,0.6076018214225769,-0.06751584261655807,0.7067012786865234,0.5467051863670349,-0.021864455193281174,0.6715022921562195,0.4382408857345581,-0.0432429239153862,0.650593101978302,0.3699610233306885,-0.06216815859079361,0.6376283764839172,0.3078744113445282,-0.07810806483030319,0.7600525617599487,0.5233777165412903,-0.029666949063539505,0.7445140480995178,0.39144831895828247,-0.04725421592593193,0.7391611337661743,0.30792948603630066,-0.06481879949569702,0.7371575236320496,0.23762375116348267,-0.07948862761259079,0.8141182065010071,0.5311893224716187,-0.04220905527472496,0.8169496655464172,0.40917664766311646,-0.06514715403318405,0.8209246397018433,0.3303743302822113,-0.08290071785449982,0.8231838941574097,0.260234534740448,-0.09690152853727341,0.8661429286003113,0.5632089376449585,-0.05737796425819397,0.895872950553894,0.4780306816101074,-0.07954820245504379,0.916986346244812,0.41683706641197205,-0.09069647639989853,0.9342172145843506,0.35868826508522034,-0.09962477535009384,0
0.8064958453178406,0.8266658782958984,5.120880359754665e-07,0.7282629609107971,0.7923113107681274,-0.02770099602639675,0.655421793460846,0.7091800570487976,-0.04210490733385086,0.6051414012908936,0.6396102905273438,-0.05581681430339813,0.5540552139282227,0.6082483530044556,-0.07068537920713425,0.7060844302177429,0.547080934047699,-0.023721611127257347,0.6716282963752747,0.43818578124046326,-0.04599710553884506,0.6505892276763916,0.3704991042613983,-0.06563437730073929,0.6363325715065002,0.3084663450717926,-0.08211594074964523,0.7591314911842346,0.5234089493751526,-0.03183351829648018,0.7432543635368347,0.3896360993385315,-0.05075305700302124,0.7382198572158813,0.3061186373233795,-0.0691598504781723,0.736400306224823,0.23513519763946533,-0.08433172851800919,0.8128761649131775,0.5307090282440186,-0.044589813798666,0.8152174353599548,0.4063527584075928,-0.06876983493566513,0.8193802833557129,0.3270515203475952,-0.08700720220804214,0.8217974305152893,0.2554191052913666,-0.10131753236055374,0.8650519847869873,0.5622971057891846,-0.059964653104543686,0.8947352766990662,0.47658661007881165,-0.08344107866287231,0.9164303541183472,0.41529935598373413,-0.09494408965110779,0.9341124296188354,0.35629433393478394,-0.1040048748254776,0
0.8117324113845825,0.8286710977554321,5.253562562756997e-07,0.73250412940979,0.7974132299423218,-0.028591398149728775,0.6587443351745605,0.71281498670578,-0.04199312627315521,0.6084946393966675,0.6423420310020447,-0.05390679091215134,0.5585711002349854,0.6110314130783081,-0.06687835603952408,0.7086610794067383,0.5477893352508545,-0.025202292948961258,0.6719967126846313,0.43926891684532166,-0.04599018767476082,0.6514506340026855,0.3701589107513428,-0.06413008272647858,0.6383828520774841,0.3078713119029999,-0.07980320602655411,0.7620737552642822,0.5234668850898743,-0.03247394785284996,0.7456609010696411,0.3902299404144287,-0.05042450875043869,0.7415226101875305,0.3065563142299652,-0.06796813011169434,0.740321695804596,0.2372620701789856,-0.08253157138824463,0.8157824873924255,0.5311112999916077,-0.04440198093652725,0.8168025612831116,0.40793168544769287,-0.06909540295600891,0.8204235434532166,0.32647061347961426,-0.08896400034427643,0.822372555732727,0.2533243000507355,-0.10448243468999863,0.8674256205558777,0.5636277198791504,-0.05877111852169037,0.8971073031425476,0.478895902633667,-0.08424129337072372,0.9193403720855713,0.4179813265800476,-0.09795572608709335,0.9370646476745605,0.3593475818634033,-0.10855293273925781,0
0.808204710483551,0.8282737135887146,5.227220185588521e-07,0.7308230400085449,0.7959334850311279,-0.02744448557496071,0.6590294241905212,0.7109581232070923,-0.040819201618433,0.6080097556114197,0.6414859294891357,-0.05343868210911751,0.5558730959892273,0.6126506328582764,-0.06737752258777618,0.7084961533546448,0.5469586849212646,-0.02141701802611351,0.6721044182777405,0.4400270879268646,-0.041823506355285645,0.6511377096176147,0.37232574820518494,-0.060329463332891464,0.637683629989624,0.3106018602848053,-0.07628268748521805,0.7621243596076965,0.5227987170219421,-0.029550692066550255,0.7479478120803833,0.390478253364563,-0.04704909771680832,0.7436785697937012,0.30633169412612915,-0.06506054103374481,0.7420799732208252,0.23580318689346313,-0.08010559529066086,0.815874457359314,0.5305216312408447,-0.042489659041166306,0.8200333118438721,0.40839138627052307,-0.06643985211849213,0.8243838548660278,0.328144371509552,-0.08606524765491486,0.8265681266784668,0.255863755941391,-0.10140306502580643,0.8671346306800842,0.5628294348716736,-0.05791645124554634,0.8974341750144958,0.4781114459037781,-0.08185364305973053,0.91983562707901,0.41785991191864014,-0.09451667964458466,0.9379424452781677,0.3600488305091858,-0.10456033051013947,0
0.8062292337417603,0.8280591368675232,5.307751962391194e-07,0.7292314171791077,0.7935354709625244,-0.0281186755746603,0.6595363616943359,0.7103005051612854,-0.04267831891775131,0.6108527183532715,0.6407516598701477,-0.05632726475596428,0.5590499639511108,0.6097815632820129,-0.07118816673755646,0.7076460719108582,0.5471953749656677,-0.023812973871827126,0.6737676858901978,0.4418158531188965,-0.045639775693416595,0.6535724997520447,0.37400829792022705,-0.06520849466323853,0.6406958103179932,0.31175971031188965,-0.08175733685493469,0.7618060111999512,0.5229426622390747,-0.031534548848867416,0.7485677599906921,0.3903239369392395,-0.049558985978364944,0.7449367642402649,0.30653318762779236,-0.06752695888280869,0.7439991235733032,0.2358105182647705,-0.08251266926527023,0.8160414695739746,0.5315420031547546,-0.04391255974769592,0.8193355202674866,0.40722084045410156,-0.06801187992095947,0.8246956467628479,0.32768356800079346,-0.08655697107315063,0.8277292251586914,0.2559063136577606,-0.10104802995920181,0.8680304288864136,0.5651755928993225,-0.058833759278059006,0.8991610407829285,0.4796912968158722,-0.08249165117740631,0.9216376543045044,0.41902151703834534,-0.09423521161079407,0.9395454525947571,0.3607671856880188,-0.10347200930118561,0
0.8061063289642334,0.827038049697876,5.362874162528897e-07,0.7272900342941284,0.7948393225669861,-0.027624167501926422,0.6558253765106201,0.7090721726417542,-0.040823329240083694,0.6065049171447754,0.6389627456665039,-0.05316679924726486,0.555016815662384,0.6123378276824951,-0.06680243462324142,0.706119179725647,0.544567346572876,-0.0219622403383255,0.6698318123817444,0.4380529522895813,-0.042339861392974854,0.6497743725776672,0.37083274126052856,-0.06061354652047157,0.636976957321167,0.3094330132007599,-0.07630759477615356,0.7603556513786316,0.521084725856781,-0.02972480095922947,0.7457494735717773,0.38773709535598755,-0.04699087515473366,0.7410225868225098,0.3036785125732422,-0.06461935490369797,0.7395645380020142,0.23267385363578796,-0.07927732914686203,0.8145503401756287,0.5302535891532898,-0.04216689616441727,0.8181094527244568,0.4061811566352844,-0.06564388424158096,0.8222970366477966,0.32665860652923584,-0.08435361087322235,0.8248276114463806,0.2545804977416992,-0.09902049601078033,0.8661237359046936,0.5642549991607666,-0.057141561061143875,0.8972020745277405,0.48007306456565857,-0.0805366113781929,0.9193393588066101,0.4192289113998413,-0.09257472306489944,0.9373283386230469,0.36024895310401917,-0.10210844874382019,0
0.8118270635604858,0.8317458629608154,5.27075826539658e-07,0.7319179177284241,0.7990668416023254,-0.028671471402049065,0.6592434048652649,0.7148939967155457,-0.0426332987844944,0.6088948249816895,0.6457787156105042,-0.055339254438877106,0.5577121376991272,0.6146801710128784,-0.06909439712762833,0.7084876894950867,0.5458545684814453,-0.024341357871890068,0.6715257167816162,0.4378311336040497,-0.04560108110308647,0.6510847210884094,0.3694453239440918,-0.06430172920227051,0.637600302696228,0.307376891374588,-0.08006630837917328,0.7627197504043579,0.5225486755371094,-0.031659577041864395,0.7464699745178223,0.38892754912376404,-0.04970661923289299,0.7409874796867371,0.304322749376297,-0.06749402731657028,0.7383256554603577,0.2338641881942749,-0.08215658366680145,0.8165844678878784,0.5314094424247742,-0.04379730299115181,0.8185030817985535,0.40995854139328003,-0.06768407672643661,0.8213342428207397,0.3290535807609558,-0.08743201196193695,0.8223453164100647,0.2565262019634247,-0.10280763357877731,0.8679341077804565,0.5640314817428589,-0.05854322388768196,0.8986316919326782,0.4791480302810669,-0.08213236927986145,0.920828104019165,0.4185372292995453,-0.09511533379554749,0.9387227296829224,0.35991501808166504,-0.105353444814682,0
0.8108268976211548,0.8326389193534851,5.12539884311991e-07,0.7330142259597778,0.7994648218154907,-0.026536285877227783,0.6609959006309509,0.7127017974853516,-0.03889193385839462,0.6107769012451172,0.6444051265716553,-0.05037330090999603,0.5596926212310791,0.6168723106384277,-0.06309248507022858,0.7098624110221863,0.5443520545959473,-0.020760472863912582,0.6761369705200195,0.4365718960762024,-0.040306057780981064,0.6559335589408875,0.36916640400886536,-0.05794961005449295,0.6425358057022095,0.30917418003082275,-0.07320856302976608,0.7644946575164795,0.5224543213844299,-0.02928810939192772,0.748222291469574,0.38917848467826843,-0.04608079046010971,0.7436334490776062,0.30483102798461914,-0.06335899233818054,0.742651641368866,0.2349931299686432,-0.07776076346635818,0.8194036483764648,0.5319346785545349,-0.04262720048427582,0.8217548131942749,0.40695905685424805,-0.06669950485229492,0.8261803984642029,0.3235902190208435,-0.08712179958820343,0.8290513753890991,0.24844616651535034,-0.10307111591100693,0.8720866441726685,0.5654764771461487,-0.058286890387535095,0.9026387333869934,0.4799748659133911,-0.08335457742214203,0.9255347847938538,0.4188404977321625,-0.09725728631019592,0.9441230893135071,0.35964202880859375,-0.10808004438877106,0
0.8135014772415161,0.8331941962242126,5.169787300474127e-07,0.7322125434875488,0.8016915321350098,-0.02772214636206627,0.6590186953544617,0.7163041234016418,-0.0402541384100914,0.6098235845565796,0.6461649537086487,-0.051678434014320374,0.5599435567855835,0.6161771416664124,-0.0640527531504631,0.710677981376648,0.5472869277000427,-0.020843835547566414,0.6749242544174194,0.44003236293792725,-0.04036689177155495,0.6552169919013977,0.3729137182235718,-0.05803682655096054,0.6429623365402222,0.31239214539527893,-0.07317978888750076,0.7660518884658813,0.5244282484054565,-0.02839718759059906,0.7502475380897522,0.39124852418899536,-0.04450518637895584,0.7463787198066711,0.3067317605018616,-0.060895077884197235,0.7462653517723083,0.2368047833442688,-0.07471101731061935,0.821211576461792,0.5340715050697327,-0.04102925956249237,0.8239384889602661,0.4103122353553772,-0.06406396627426147,0.8289812803268433,0.32997927069664,-0.08314518630504608,0.832748532295227,0.2571096122264862,-0.09805795550346375,0.874085009098053,0.567328691482544,-0.05625850707292557,0.9042842388153076,0.48157477378845215,-0.08014965802431107,0.9267407655715942,0.420965313911438,-0.09309735149145126,0.945466160774231,0.3613850176334381,-0.10320689529180527,0
0.8111972808837891,0.83301842212677,5.13719726313866e-07,0.7294877767562866,0.8006833791732788,-0.02721656672656536,0.655906617641449,0.7167911529541016,-0.04037173464894295,0.6074041128158569,0.6464385986328125,-0.05216190218925476,0.5583924651145935,0.6150505542755127,-0.06526374816894531,0.7089098691940308,0.547994077205658,-0.02566682919859886,0.673650324344635,0.439408540725708,-0.045232150703668594,0.6544642448425293,0.3717300295829773,-0.062122151255607605,0.642130434513092,0.3111450970172882,-0.07674641907215118,0.764801025390625,0.5260266065597534,-0.0334293432533741,0.7503648400306702,0.3902583122253418,-0.050253354012966156,0.7467034459114075,0.30611753463745117,-0.06704414635896683,0.7459589838981628,0.23723310232162476,-0.08109792321920395,0.8200597167015076,0.5369638204574585,-0.045556485652923584,0.8236962556838989,0.4123903512954712,-0.06945838034152985,0.8290725946426392,0.3311718702316284,-0.08983580768108368,0.832862138748169,0.2585890293121338,-0.10558353364467621,0.8719516396522522,0.5718177556991577,-0.059828102588653564,0.9031236171722412,0.4857684075832367,-0.08471480011940002,0.9267293810844421,0.42573851346969604,-0.09845149517059326,0.9461474418640137,0.36794835329055786,-0.10898168385028839,0
0.8103387355804443,0.8320931792259216,5.402603164839093e-07,0.732445240020752,0.8005280494689941,-0.02741554193198681,0.6603708863258362,0.7180315256118774,-0.04145655408501625,0.6112021803855896,0.6498146057128906,-0.05428965017199516,0.5598039031028748,0.6174556016921997,-0.06851010024547577,0.7096595764160156,0.5488561391830444,-0.0263283159583807,0.6737066507339478,0.4412732422351837,-0.046766314655542374,0.6541511416435242,0.37372997403144836,-0.06431736797094345,0.6422269344329834,0.3127095103263855,-0.07936246693134308,0.7650489211082458,0.5271815657615662,-0.034260962158441544,0.7513320446014404,0.3913455009460449,-0.05166000872850418,0.7484412789344788,0.30703213810920715,-0.0689072459936142,0.7485151290893555,0.23730382323265076,-0.0834471732378006,0.8199203610420227,0.5374734997749329,-0.04659120365977287,0.822769820690155,0.41184040904045105,-0.07120673358440399,0.8276851177215576,0.3315146565437317,-0.09151804447174072,0.8307756781578064,0.25918492674827576,-0.10731175541877747,0.8718302249908447,0.5713780522346497,-0.061076655983924866,0.9032704830169678,0.48491692543029785,-0.08644682914018631,0.9273202419281006,0.4245585501194,-0.10028720647096634,0.9467485547065735,0.3666180372238159,-0.11099324375391006,0
0.8090378642082214,0.8357455730438232,5.333042736310745e-07,0.7302095293998718,0.801443338394165,-0.027881363406777382,0.6594067811965942,0.7171050310134888,-0.04216543585062027,0.6101778745651245,0.6469122171401978,-0.05537392571568489,0.5590773224830627,0.6165131330490112,-0.0699193924665451,0.710180938243866,0.5497176647186279,-0.025100059807300568,0.6762440800666809,0.4413107633590698,-0.04642517492175102,0.6558077335357666,0.37397584319114685,-0.06492546200752258,0.642143726348877,0.3132629990577698,-0.08076070249080658,0.7659816145896912,0.5284094214439392,-0.03341158479452133,0.7525236010551453,0.39473050832748413,-0.052137743681669235,0.7486100196838379,0.31063026189804077,-0.07078029960393906,0.7475243806838989,0.24031192064285278,-0.08618447184562683,0.8209244608879089,0.5391749739646912,-0.04634685069322586,0.8242393732070923,0.41486072540283203,-0.0723838061094284,0.8290887475013733,0.3330300450325012,-0.09409495443105698,0.8321617245674133,0.2595076262950897,-0.11063425242900848,0.8726934194564819,0.5742992758750916,-0.061461035162210464,0.9047446846961975,0.4887144863605499,-0.08806189894676208,0.9284728765487671,0.42772161960601807,-0.1029265820980072,0.9477333426475525,0.3694932460784912,-0.11425827443599701,0
0.811233401298523,0.8378912806510925,5.40353937594773e-07,0.7309287190437317,0.8033676147460938,-0.027737507596611977,0.6583482027053833,0.7190243601799011,-0.0414096973836422,0.6098655462265015,0.649942934513092,-0.053756263107061386,0.5590550899505615,0.617063045501709,-0.06712871789932251,0.7094449996948242,0.550602376461029,-0.02418483793735504,0.6742345690727234,0.4428379535675049,-0.04412328824400902,0.6545634865760803,0.37522953748703003,-0.061473552137613297,0.6424214243888855,0.31473681330680847,-0.07635865360498428,0.7648088335990906,0.5288249850273132,-0.031773798167705536,0.75132155418396,0.39440107345581055,-0.048657748848199844,0.7484976649284363,0.3108478784561157,-0.06536586582660675,0.7491861581802368,0.24187994003295898,-0.07935594767332077,0.8197469711303711,0.539040207862854,-0.04404206573963165,0.8224878907203674,0.4148690700531006,-0.06800223886966705,0.8279383182525635,0.3342971205711365,-0.08778826147317886,0.8324125409126282,0.26202359795570374,-0.103145532310009,0.8723104596138,0.5730435252189636,-0.05863107740879059,0.9039785861968994,0.48743727803230286,-0.08300303667783737,0.9278744459152222,0.4270198941230774,-0.09630764275789261,0.9477612376213074,0.36890077590942383,-0.10666890442371368,0
0.8104696869850159,0.8360981345176697,5.38834342478367e-07,0.7291326522827148,0.8039384484291077,-0.027022946625947952,0.6576085090637207,0.7207032442092896,-0.03998533636331558,0.6090801358222961,0.6501972675323486,-0.05198905989527702,0.558046281337738,0.6187518239021301,-0.06512923538684845,0.7089053988456726,0.5546619892120361,-0.021973324939608574,0.6737028360366821,0.44716042280197144,-0.04210459068417549,0.6541572213172913,0.37961411476135254,-0.059908993542194366,0.6420546770095825,0.31828761100769043,-0.0750308409333229,0.7641278505325317,0.532670795917511,-0.02953351102769375,0.7499653697013855,0.3988390266895294,-0.04666808247566223,0.7457950711250305,0.3132932484149933,-0.06426975131034851,0.744976818561554,0.24141904711723328,-0.07888977974653244,0.8183958530426025,0.5424526333808899,-0.04172585532069206,0.8211609125137329,0.42032861709594727,-0.06581482291221619,0.8258470296859741,0.34023818373680115,-0.08593877404928207,0.829245388507843,0.2690694034099579,-0.10125000029802322,0.8703244924545288,0.5756345391273499,-0.05622171238064766,0.9022547602653503,0.4909125566482544,-0.08060254156589508,0.9255596399307251,0.43064364790916443,-0.09408914297819138,0.9449129104614258,0.37270504236221313,-0.10438070446252823,0
0.8038281202316284,0.8316314220428467,5.463125489768572e-07,0.726504385471344,0.7993258237838745,-0.02989153191447258,0.6571556329727173,0.7160621285438538,-0.04544851556420326,0.6085653901100159,0.6475253105163574,-0.05955314263701439,0.5570498108863831,0.617694616317749,-0.07493878155946732,0.7058496475219727,0.550190269947052,-0.028595374897122383,0.6719961762428284,0.442973792552948,-0.05163723975419998,0.6515975594520569,0.3758683204650879,-0.07121662050485611,0.6377714276313782,0.31424808502197266,-0.08755847066640854,0.7609791159629822,0.5282466411590576,-0.0358385369181633,0.7473021745681763,0.39543336629867554,-0.05559384450316429,0.7428575158119202,0.31188398599624634,-0.07433158159255981,0.740900456905365,0.24044731259346008,-0.0898001566529274,0.8151616454124451,0.5384190678596497,-0.047719817608594894,0.8183460831642151,0.41547691822052,-0.07409466058015823,0.8230649828910828,0.33486613631248474,-0.09453246742486954,0.8254912495613098,0.26168292760849,-0.11009003221988678,0.8667052984237671,0.5724075436592102,-0.062038518488407135,0.898299515247345,0.48536914587020874,-0.08820325881242752,0.9217954277992249,0.42474299669265747,-0.10181855410337448,0.940308690071106,0.3665001392364502,-0.11221638321876526,0
0.8202034831047058,0.7990317344665527,-7.726867465862597e-07,0.7495769262313843,0.7706201076507568,-0.007684721145778894,0.6943742036819458,0.6993271112442017,-0.011663245037198067,0.6767374277114868,0.6361849308013916,-0.02081824652850628,0.6852821707725525,0.5937999486923218,-0.02429749257862568,0.7021944522857666,0.5843650698661804,0.009262909181416035,0.6719015836715698,0.5041412115097046,-0.03037773072719574,0.6812812685966492,0.5752017498016357,-0.048985276371240616,0.6962261199951172,0.621426522731781,-0.05337833613157272,0.7467958927154541,0.5700045824050903,-0.001982384826987982,0.7179095149040222,0.48902761936187744,-0.04015388712286949,0.7274463772773743,0.5831319093704224,-0.042756181210279465,0.7408735156059265,0.6198180317878723,-0.03176641836762428,0.7963110208511353,0.5653781294822693,-0.019715173169970512,0.7694215178489685,0.49675652384757996,-0.053016744554042816,0.7754459381103516,0.5871356725692749,-0.03426496684551239,0.789375901222229,0.620129406452179,-0.010105481371283531,0.8512009382247925,0.570469081401825,-0.03919818624854088,0.8244495987892151,0.5162319540977478,-0.05149077624082565,0.818427324295044,0.5758295059204102,-0.0320577397942543,0.8271799683570862,0.6027500629425049,-0.0116341607645154,1
0.8195024728775024,0.8028305768966675,-7.628681828464323e-07,0.7472876310348511,0.770593523979187,-0.008097113110125065,0.6927468776702881,0.6965656876564026,-0.01198774017393589,0.6811304688453674,0.6341804265975952,-0.02119571715593338,0.6913986206054688,0.5910588502883911,-0.024865640327334404,0.7034830451011658,0.5832979083061218,0.009899166412651539,0.6716345548629761,0.506338894367218,-0.028858931735157967,0.680774450302124,0.5792862772941589,-0.04654581844806671,0.696446418762207,0.6232910752296448,-0.05064524710178375,0.7478819489479065,0.5703321099281311,-0.0011987634934484959,0.7187222838401794,0.492388516664505,-0.03973399102687836,0.7276204824447632,0.5881245136260986,-0.04272811859846115,0.741709291934967,0.6214957237243652,-0.03192262351512909,0.7969956994056702,0.566194474697113,-0.01882711797952652,0.7702880501747131,0.4993648827075958,-0.05310947448015213,0.7761033773422241,0.5910040140151978,-0.03506643697619438,0.7905663847923279,0.621412456035614,-0.01107077207416296,0.8508728742599487,0.5712936520576477,-0.03818332031369209,0.8235124349594116,0.515527606010437,-0.05155572667717934,0.8180832862854004,0.5758230686187744,-0.03230280056595802,0.8279255032539368,0.6026498675346375,-0.01162524614483118,1
0.8188896775245667,0.8008596897125244,-7.508710382353456e-07,0.7484806776046753,0.7732011675834656,-0.011468732729554176,0.6941159963607788,0.7029626369476318,-0.017545998096466064,0.6785341501235962,0.6399945020675659,-0.02788052149116993,0.6841446757316589,0.5947274565696716,-0.03258276358246803,0.7011747360229492,0.5857771635055542,0.00355785945430398,0.6716803908348083,0.5054594874382019,-0.03704941272735596,0.6830150485038757,0.5777637958526611,-0.056248169392347336,0.6987030506134033,0.6250982284545898,-0.06103307753801346,0.7479000091552734,0.5711908340454102,-0.006583619397133589,0.7210891842842102,0.49228736758232117,-0.045428045094013214,0.7318528890609741,0.58819979429245,-0.048804450780153275,0.7439005970954895,0.624432384967804,-0.03868187591433525,0.798399031162262,0.5669749975204468,-0.02325691655278206,0.7748609781265259,0.4989098608493805,-0.05891509726643562,0.7811858057975769,0.5930769443511963,-0.04075128212571144,0.7924240827560425,0.6279084086418152,-0.016891494393348694,0.8529728651046753,0.5725774765014648,-0.04169866815209389,0.8286391496658325,0.5202018618583679,-0.057301659137010574,0.8234357833862305,0.5850623250007629,-0.03813563659787178,0.8300348520278931,0.6149343848228455,-0.01737240143120289,1
0.8175166845321655,0.8004416227340698,-7.205871384030615e-07,0.7515928745269775,0.7716403603553772,-0.011150346137583256,0.7003689408302307,0.7035239934921265,-0.018686899915337563,0.6873641014099121,0.6433085203170776,-0.030723759904503822,0.6909054517745972,0.5980100035667419,-0.03777873516082764,0.7056330442428589,0.586716890335083,0.0018606670200824738,0.67412930727005,0.5070527791976929,-0.03808898851275444,0.6803872585296631,0.5741780400276184,-0.05758131667971611,0.6948683261871338,0.6247807145118713,-0.06280691176652908,0.7504608631134033,0.5733340382575989,-0.009212866425514221,0.7209954857826233,0.49381181597709656,-0.04998442158102989,0.7281781435012817,0.5883489847183228,-0.055570561438798904,0.7414450645446777,0.6314049959182739,-0.046531666070222855,0.7993806004524231,0.5715261101722717,-0.02654164470732212,0.7738876938819885,0.5012379884719849,-0.06294231116771698,0.7759836912155151,0.5906271934509277,-0.04798753559589386,0.7866876125335693,0.6286172866821289,-0.026017313823103905,0.8534861207008362,0.579978346824646,-0.04549963027238846,0.831054151058197,0.5248153805732727,-0.061663463711738586,0.8226383328437805,0.5820673108100891,-0.04502622410655022,0.8272009491920471,0.611507773399353,-0.02621499076485634,1
0.8182002902030945,0.7960936427116394,-7.615555546180985e-07,0.7488256692886353,0.7696613669395447,-0.011728840880095959,0.6974649429321289,0.7052370309829712,-0.019120970740914345,0.6808203458786011,0.6461700201034546,-0.03082415461540222,0.682957112789154,0.6034955382347107,-0.03718337044119835,0.7041139006614685,0.5854268670082092,0.0014251357642933726,0.6713278293609619,0.5076189041137695,-0.0388479121029377,0.6806828379631042,0.5788204073905945,-0.05671630799770355,0.6958454251289368,0.6286690831184387,-0.060313381254673004,0.7485542893409729,0.5720530152320862,-0.008722107857465744,0.7184783816337585,0.4935956597328186,-0.04948534816503525,0.7282740473747253,0.5911121964454651,-0.053279221057891846,0.7413877248764038,0.6323116421699524,-0.0427020899951458,0.7976961135864258,0.5686737298965454,-0.025214912369847298,0.7702885866165161,0.5000280737876892,-0.06287484616041183,0.7762032151222229,0.5932890176773071,-0.04643196985125542,0.7885155081748962,0.6310663223266602,-0.022804293781518936,0.8515280485153198,0.5754481554031372,-0.04321551322937012,0.8253061175346375,0.519467294216156,-0.06042316183447838,0.8200249671936035,0.5804595351219177,-0.04302201047539711,0.827478289604187,0.611335039138794,-0.023125387728214264,1
0.8201414942741394,0.8019126057624817,-7.225730200843827e-07,0.7487104535102844,0.7683895230293274,-0.011688305996358395,0.6960923671722412,0.6986082792282104,-0.019650936126708984,0.6857236623764038,0.6365544199943542,-0.03279806300997734,0.6921922564506531,0.5901095271110535,-0.04134692624211311,0.704001247882843,0.5832821130752563,0.005330372601747513,0.6740641593933105,0.5065350532531738,-0.036210205405950546,0.6823329925537109,0.5766327381134033,-0.05822981148958206,0.6966899037361145,0.6284117102622986,-0.06485185027122498,0.7500362992286682,0.569376528263092,-0.0059369816444814205,0.7224864363670349,0.4919221103191376,-0.04790222644805908,0.7301555871963501,0.5879160165786743,-0.05573597922921181,0.7425848841667175,0.6356968283653259,-0.04774487391114235,0.8001718521118164,0.5665508508682251,-0.023805389180779457,0.7753242254257202,0.5006070733070374,-0.06165023520588875,0.7787383198738098,0.5949457883834839,-0.048056915402412415,0.7891668677330017,0.6409876942634583,-0.02605176344513893,0.8547375202178955,0.5743592381477356,-0.043309442698955536,0.8312190771102905,0.5208002328872681,-0.05962985381484032,0.8236360549926758,0.5814818143844604,-0.04267111048102379,0.8281545639038086,0.6154683232307434,-0.02309039980173111,1
0.822335422039032,0.8030527234077454,-7.216374342533527e-07,0.7506393194198608,0.7732886672019958,-0.009561946615576744,0.697501003742218,0.7034822702407837,-0.014599001966416836,0.6831824779510498,0.6405781507492065,-0.025045758113265038,0.6877181529998779,0.5949278473854065,-0.030554786324501038,0.7068001627922058,0.5861652493476868,0.010913355275988579,0.6755795478820801,0.5103365182876587,-0.02727348357439041,0.6831110119819641,0.5764886140823364,-0.046022575348615646,0.6989732980728149,0.6255601644515991,-0.050608813762664795,0.7505921125411987,0.5716496109962463,-0.00019181269453838468,0.7227161526679993,0.49352046847343445,-0.039359670132398605,0.7302852869033813,0.5854681134223938,-0.04513826221227646,0.743931233882904,0.6274009346961975,-0.035892874002456665,0.798600435256958,0.5684673190116882,-0.017934974282979965,0.7745850682258606,0.5039241313934326,-0.05394479259848595,0.7776721119880676,0.5928594470024109,-0.039862487465143204,0.7893909215927124,0.6314240097999573,-0.017922909930348396,0.85202956199646,0.5759362578392029,-0.037272170186042786,0.8281932473182678,0.5191311240196228,-0.05265900492668152,0.8202260136604309,0.5784536600112915,-0.03583458811044693,0.8255372047424316,0.6118186712265015,-0.016616087406873703,1
0.8244807720184326,0.8039216995239258,-7.740482033113949e-07,0.7523326277732849,0.7728400230407715,-0.008726850152015686,0.69678795337677,0.7021023035049438,-0.013624817132949829,0.6810965538024902,0.6371721029281616,-0.02347598783671856,0.689018189907074,0.5870296955108643,-0.027964448556303978,0.7056975364685059,0.5886964201927185,0.007615614682435989,0.6735974550247192,0.5091568231582642,-0.03324954956769943,0.6839384436607361,0.5796154737472534,-0.05248088762164116,0.7010305523872375,0.6314429044723511,-0.056702155619859695,0.7501301765441895,0.5750777721405029,-0.0035031994339078665,0.7189849019050598,0.4923167824745178,-0.04458797350525856,0.7301203012466431,0.5892730951309204,-0.04822135344147682,0.7461076974868774,0.6328849196434021,-0.03665851429104805,0.7994347810745239,0.5709318518638611,-0.021206559613347054,0.7712926864624023,0.5027573704719543,-0.058247797191143036,0.777855396270752,0.5951943397521973,-0.04089490696787834,0.7922589778900146,0.6330469846725464,-0.016223715618252754,0.854824423789978,0.5768725872039795,-0.04035446420311928,0.827164351940155,0.5187534689903259,-0.0568205863237381,0.8207222819328308,0.5810425877571106,-0.0383673757314682,0.8279543519020081,0.6149548292160034,-0.017407963052392006,1
0.8289183974266052,0.7972317337989807,-7.628355547240062e-07,0.7593898773193359,0.7739791870117188,-0.0077011240646243095,0.7041771411895752,0.7113447189331055,-0.013068631291389465,0.68363356590271,0.652735710144043,-0.023315493017435074,0.6847019195556641,0.6064238548278809,-0.028450438752770424,0.7096575498580933,0.5873417854309082,0.004911722149699926,0.6766045689582825,0.5062849521636963,-0.03489621356129646,0.6851165294647217,0.5741497874259949,-0.053751345723867416,0.7018036246299744,0.6227941513061523,-0.05817720666527748,0.7545284628868103,0.5734142661094666,-0.0068917544558644295,0.7233564853668213,0.4893265664577484,-0.04663415998220444,0.7332785725593567,0.5835877656936646,-0.05056828260421753,0.7476067543029785,0.6257032752037048,-0.040068067610263824,0.8029361367225647,0.5696682333946228,-0.024639485403895378,0.7752091884613037,0.5013692378997803,-0.06034260243177414,0.7817499041557312,0.592862069606781,-0.043091002851724625,0.7955374717712402,0.6309407949447632,-0.01923382468521595,0.8568613529205322,0.5766405463218689,-0.04367027431726456,0.828313946723938,0.5231540203094482,-0.05896797031164169,0.8232071995735168,0.5846374034881592,-0.040432874113321304,0.8313901424407959,0.6158549189567566,-0.01996091939508915,1
0.827038049697876,0.7996419072151184,-7.16720819582406e-07,0.7554445266723633,0.771054744720459,-0.011909988708794117,0.6998049020767212,0.705392062664032,-0.01912407949566841,0.683538556098938,0.6438225507736206,-0.030884040519595146,0.6903449296951294,0.5920652747154236,-0.03732603043317795,0.7034966349601746,0.5870532393455505,0.006254857871681452,0.6740801930427551,0.5055729150772095,-0.03349922597408295,0.6804397106170654,0.5671637654304504,-0.05274657905101776,0.6952760219573975,0.6182975769042969,-0.05753537267446518,0.7492880821228027,0.5688139200210571,-0.004008316434919834,0.7222009897232056,0.4873870313167572,-0.04358304664492607,0.7309048175811768,0.5800331234931946,-0.048394978046417236,0.7438362836837769,0.6228592991828918,-0.03847091645002365,0.7990095019340515,0.5634447336196899,-0.02104279026389122,0.7747630476951599,0.5012300610542297,-0.05647452920675278,0.7793866991996765,0.5893344879150391,-0.04100867733359337,0.7911611199378967,0.6251801252365112,-0.018766751512885094,0.854303777217865,0.5691189169883728,-0.03990033268928528,0.8276427388191223,0.5207314491271973,-0.05525931715965271,0.8216096758842468,0.5804995894432068,-0.03789350390434265,0.8284203410148621,0.6098655462265015,-0.018481649458408356,1
0.8241410255432129,0.8006317615509033,-7.382643616438145e-07,0.7531314492225647,0.7713240385055542,-0.011604325845837593,0.6996012330055237,0.6998157501220703,-0.018203778192400932,0.6843351125717163,0.6316371560096741,-0.029056331142783165,0.6930751204490662,0.5795103907585144,-0.03401133790612221,0.7052057385444641,0.5848215222358704,0.005872966255992651,0.6744197607040405,0.505900502204895,-0.03380449116230011,0.6847262382507324,0.5752904415130615,-0.05229652300477028,0.7006451487541199,0.6275072693824768,-0.056396037340164185,0.7506684064865112,0.5698860883712769,-0.003926490433514118,0.7219144701957703,0.48874589800834656,-0.043527282774448395,0.7323756814002991,0.5856752991676331,-0.046910759061574936,0.7463834285736084,0.6282769441604614,-0.035925619304180145,0.8003703951835632,0.5670315027236938,-0.02040947414934635,0.7763837575912476,0.49877119064331055,-0.05628559738397598,0.7803120613098145,0.5902990698814392,-0.03856908902525902,0.7917101979255676,0.628174901008606,-0.014276203699409962,0.8555293083190918,0.5755660533905029,-0.038696594536304474,0.8329797387123108,0.5175740122795105,-0.05365436524152756,0.8254772424697876,0.5762021541595459,-0.03493061661720276,0.8302844166755676,0.6068556308746338,-0.014322592876851559,1
0.825552225112915,0.7944262027740479,-6.973173185542691e-07,0.7574363350868225,0.7694883346557617,-0.013697683811187744,0.7020041346549988,0.7068637609481812,-0.022556036710739136,0.6817125082015991,0.647402286529541,-0.035635996609926224,0.687295138835907,0.6010962128639221,-0.0434170737862587,0.7053296566009521,0.5806522369384766,0.004317984916269779,0.6746392250061035,0.5022084712982178,-0.036572448909282684,0.6817954778671265,0.567417323589325,-0.056708794087171555,0.6968868970870972,0.6154382824897766,-0.06217591091990471,0.7509998083114624,0.5663886666297913,-0.005397205241024494,0.723108172416687,0.48637980222702026,-0.046508222818374634,0.731656551361084,0.5812422633171082,-0.051986586302518845,0.7444355487823486,0.6221408843994141,-0.04243660345673561,0.800064742565155,0.5633028149604797,-0.021995605900883675,0.775751531124115,0.4981074333190918,-0.06019629165530205,0.7803526520729065,0.590190589427948,-0.04481533542275429,0.7914748787879944,0.6282995939254761,-0.021774092689156532,0.8540632724761963,0.5709421038627625,-0.04034586623311043,0.8280820250511169,0.5190929770469666,-0.057233043015003204,0.8226138353347778,0.5813668370246887,-0.03968299552798271,0.8288129568099976,0.6122052669525146,-0.01979750767350197,1
0.8199899792671204,0.7952291965484619,-7.132862833714171e-07,0.7507332563400269,0.7678647637367249,-0.012151402421295643,0.6971532702445984,0.7021974325180054,-0.0192013718187809,0.6794815063476562,0.6410645246505737,-0.030733469873666763,0.6861571669578552,0.593110203742981,-0.03639097884297371,0.7049989700317383,0.5802309513092041,0.006474675145000219,0.6739376187324524,0.5050165057182312,-0.033076412975788116,0.6826261878013611,0.5726837515830994,-0.05066005513072014,0.6976277828216553,0.6171078085899353,-0.054109152406454086,0.748943030834198,0.5664259195327759,-0.0033088226336985826,0.720057487487793,0.48964518308639526,-0.043409187346696854,0.7292003631591797,0.5826764106750488,-0.04715289920568466,0.7431373596191406,0.6174241900444031,-0.03618428111076355,0.7977156639099121,0.5626605153083801,-0.019859284162521362,0.7728297114372253,0.5017494559288025,-0.05713450908660889,0.7780762910842896,0.5925190448760986,-0.0406220443546772,0.791028618812561,0.6241063475608826,-0.01663185842335224,0.8519232273101807,0.5692627429962158,-0.03814234957098961,0.8274213075637817,0.5155352354049683,-0.053547944873571396,0.8212721943855286,0.5762253999710083,-0.035077054053545,0.8286888599395752,0.6050477623939514,-0.01434387918561697,1
0.8221592903137207,0.7976574301719666,-7.730772040304146e-07,0.7545762658119202,0.7708054184913635,-0.008550516329705715,0.6981545090675354,0.7040417194366455,-0.014191159047186375,0.680658221244812,0.6438637375831604,-0.024922726675868034,0.6832044124603271,0.6001417636871338,-0.03076224774122238,0.7041940689086914,0.5828480124473572,0.005870524328202009,0.6717402338981628,0.506180465221405,-0.03341791406273842,0.6797826886177063,0.5783840417861938,-0.0521356426179409,0.6961628198623657,0.6287648677825928,-0.056799329817295074,0.7487161755561829,0.5688344240188599,-0.006181354634463787,0.7186789512634277,0.4906361699104309,-0.046748753637075424,0.7269237041473389,0.58831787109375,-0.05167049169540405,0.7408244609832764,0.6312938928604126,-0.04160642996430397,0.7977730631828308,0.565388560295105,-0.02440790645778179,0.7709644436836243,0.5014587640762329,-0.0609307698905468,0.7755343317985535,0.5937145948410034,-0.04554356634616852,0.7875657677650452,0.630839467048645,-0.022824089974164963,0.851978063583374,0.5720487236976624,-0.04397682100534439,0.8245553374290466,0.520092785358429,-0.05953850969672203,0.8185241222381592,0.5819569826126099,-0.04182162508368492,0.8255823254585266,0.6127654910087585,-0.02203843928873539,1
0.8206430673599243,0.7971682548522949,-6.73914257731667e-07,0.7516001462936401,0.7667401432991028,-0.015743471682071686,0.698485791683197,0.6993787288665771,-0.0246423427015543,0.6819080710411072,0.6338805556297302,-0.03704128786921501,0.6897906064987183,0.5802778005599976,-0.04395120590925217,0.7019106149673462,0.5846431255340576,0.003124046139419079,0.673879861831665,0.5088337659835815,-0.03700006753206253,0.6825675964355469,0.5696515440940857,-0.055928461253643036,0.6972063183784485,0.622139573097229,-0.06025194749236107,0.7483978271484375,0.5676267147064209,-0.005311224143952131,0.7218219637870789,0.49302637577056885,-0.04566275700926781,0.7311426401138306,0.5855487585067749,-0.050891585648059845,0.7434679269790649,0.6273717880249023,-0.04110749065876007,0.7986536026000977,0.5644657611846924,-0.020794812589883804,0.776142954826355,0.5038540363311768,-0.05808800831437111,0.7791121602058411,0.5912506580352783,-0.043438367545604706,0.7881860136985779,0.6255958676338196,-0.021233707666397095,0.8538305163383484,0.5729629993438721,-0.038205020129680634,0.8305023312568665,0.5239457488059998,-0.05525265634059906,0.8240969181060791,0.5818693041801453,-0.03862282633781433,0.8283161520957947,0.609209418296814,-0.019352097064256668,1
0.8239763975143433,0.8019016981124878,-7.482960882043699e-07,0.7543895244598389,0.7730891108512878,-0.011022515594959259,0.6996108293533325,0.7080421447753906,-0.01773935556411743,0.6810996532440186,0.6504453420639038,-0.02914435975253582,0.6865891218185425,0.6048194766044617,-0.03514277935028076,0.7080121040344238,0.5858727693557739,0.0038509194273501635,0.6771657466888428,0.5104207396507263,-0.03711286187171936,0.6861916780471802,0.5807491540908813,-0.056638091802597046,0.7017422318458557,0.6318506598472595,-0.061178646981716156,0.7528727054595947,0.5729178190231323,-0.007044242694973946,0.7248807549476624,0.4944562315940857,-0.04881425201892853,0.7342473864555359,0.5910749435424805,-0.05315924808382988,0.7484630942344666,0.6341608166694641,-0.042290542274713516,0.8021233677864075,0.570273756980896,-0.024500925093889236,0.7775356769561768,0.5033021569252014,-0.06215425580739975,0.7819839119911194,0.5957732200622559,-0.0451568104326725,0.7939637303352356,0.6357801556587219,-0.02074500359594822,0.8560210466384888,0.5789382457733154,-0.04359610751271248,0.8332166075706482,0.5209278464317322,-0.06001793220639229,0.8245668411254883,0.5825385451316833,-0.04144725203514099,0.8294287919998169,0.6176501512527466,-0.020438790321350098,1
0.8271182179450989,0.8034228086471558,-7.431530093526817e-07,0.7557466626167297,0.7773739099502563,-0.011307567358016968,0.6985011100769043,0.7051085233688354,-0.017787886783480644,0.682341456413269,0.6365041732788086,-0.029092559590935707,0.694195568561554,0.5876129269599915,-0.03530258685350418,0.7072625756263733,0.5897753238677979,0.004699354525655508,0.6781691312789917,0.5101649761199951,-0.03561452403664589,0.6856515407562256,0.5786654353141785,-0.055161602795124054,0.698168158531189,0.629470944404602,-0.06006314978003502,0.7526938915252686,0.5763800144195557,-0.0057016112841665745,0.7258648872375488,0.49784159660339355,-0.04565476253628731,0.733608603477478,0.5915479063987732,-0.050899211317300797,0.7442147731781006,0.6352903246879578,-0.041577477008104324,0.802621603012085,0.5729955434799194,-0.022582849487662315,0.7788162231445312,0.5049725770950317,-0.059420354664325714,0.7827268838882446,0.5961677432060242,-0.04437130317091942,0.7921698093414307,0.6387701034545898,-0.021775349974632263,0.8567783236503601,0.5792967081069946,-0.0410478450357914,0.8344523906707764,0.5202575325965881,-0.05722551792860031,0.827072262763977,0.578382670879364,-0.04024982079863548,0.8307452201843262,0.6119934916496277,-0.020815275609493256,1
0.8281587362289429,0.8008585572242737,-7.21239132417395e-07,0.7570345997810364,0.7742939591407776,-0.011011898517608643,0.7019772529602051,0.7087945938110352,-0.017985578626394272,0.6839308738708496,0.6509480476379395,-0.029529910534620285,0.6831474900245667,0.6086246967315674,-0.03599803149700165,0.7086823582649231,0.586219072341919,0.004934904631227255,0.6773743033409119,0.5121446251869202,-0.03539504483342171,0.6863723993301392,0.5831944346427917,-0.05564438924193382,0.7021486163139343,0.6312863826751709,-0.061351049691438675,0.7537826895713806,0.5719595551490784,-0.006091711577028036,0.7254956364631653,0.4964345693588257,-0.04695659503340721,0.7335859537124634,0.5908992290496826,-0.052952222526073456,0.746346116065979,0.6308019757270813,-0.04416554048657417,0.802876353263855,0.568837583065033,-0.023592514917254448,0.7790186405181885,0.5025228261947632,-0.060824472457170486,0.7830686569213867,0.5938872694969177,-0.04551859572529793,0.7942966222763062,0.6312536597251892,-0.023039959371089935,0.8566492199897766,0.5764215588569641,-0.04270200803875923,0.8333693146705627,0.5242124795913696,-0.059275634586811066,0.8269180059432983,0.5863463878631592,-0.04176278039813042,0.8331142067909241,0.6173039078712463,-0.021994968876242638,1
0.8274734020233154,0.80743807554245,-7.551452085863275e-07,0.7553689479827881,0.7770909667015076,-0.010975978337228298,0.700471818447113,0.7047310471534729,-0.01641518622636795,0.6865043640136719,0.6397265195846558,-0.0267021581530571,0.6911798119544983,0.592250406742096,-0.03157676383852959,0.7074652910232544,0.5850622057914734,0.007456719875335693,0.6773697137832642,0.5095801949501038,-0.032155439257621765,0.6856602430343628,0.5815244913101196,-0.05103898048400879,0.7002767324447632,0.6292818188667297,-0.055775854736566544,0.7526703476905823,0.5722030997276306,-0.0033771484158933163,0.7248436212539673,0.494681715965271,-0.043664831668138504,0.7331942915916443,0.5921165347099304,-0.04821883514523506,0.7462535500526428,0.6327707767486572,-0.03811933845281601,0.8022609949111938,0.570240318775177,-0.020937511697411537,0.7781460881233215,0.5011608004570007,-0.05840197578072548,0.7827419638633728,0.5971896648406982,-0.04152623564004898,0.7943922281265259,0.6379641890525818,-0.017453603446483612,0.8563498258590698,0.5794278979301453,-0.040211815387010574,0.8330230712890625,0.5216348767280579,-0.05695397034287453,0.8259789943695068,0.5848194360733032,-0.03882743418216705,0.8315705060958862,0.618188738822937,-0.01830129325389862,1
0.8264045119285583,0.8022902607917786,-7.134540283004753e-07,0.7573859691619873,0.7749888300895691,-0.011503567919135094,0.7005595564842224,0.7054898738861084,-0.01771704852581024,0.6834759712219238,0.6415371298789978,-0.028509125113487244,0.6900041699409485,0.5924147963523865,-0.03424486890435219,0.7083436250686646,0.5840656161308289,0.0058116065338253975,0.676678478717804,0.5082141160964966,-0.031567081809043884,0.682373046875,0.5725842714309692,-0.048892032355070114,0.696992814540863,0.6207897067070007,-0.05274198204278946,0.7533083558082581,0.5688765048980713,-0.004218632820993662,0.7240917682647705,0.49240630865097046,-0.042360275983810425,0.7306547164916992,0.584382176399231,-0.047287359833717346,0.7446311712265015,0.6252875328063965,-0.037973374128341675,0.803057849407196,0.5657990574836731,-0.020607542246580124,0.7770971059799194,0.5017205476760864,-0.05645941570401192,0.7794988751411438,0.5908138155937195,-0.04281851276755333,0.7918577790260315,0.6291237473487854,-0.021536724641919136,0.8576005697250366,0.5729724168777466,-0.03850778937339783,0.8324679732322693,0.5194682478904724,-0.05497165024280548,0.8237745761871338,0.5762450695037842,-0.03953895717859268,0.8296706676483154,0.6062042713165283,-0.021275769919157028,1
0.8165562152862549,0.780794620513916,-1.6226687193920952e-07,0.7954219579696655,0.6601496934890747,-0.0037689495366066694,0.7589117288589478,0.5564633011817932,-0.018131159245967865,0.727068305015564,0.4709016680717468,-0.03354036062955856,0.7281497120857239,0.39340758323669434,-0.0496228002011776,0.6530697345733643,0.5791704058647156,-0.02857774682343006,0.5710204839706421,0.6165791153907776,-0.03852534294128418,0.5991416573524475,0.6424401998519897,-0.04152846708893776,0.634393036365509,0.6393364667892456,-0.04276811331510544,0.6399223804473877,0.6547093391418457,-0.03472863882780075,0.5729268789291382,0.6834489703178406,-0.03696257248520851,0.6027557253837585,0.7021691799163818,-0.031254686415195465,0.6351853609085083,0.6962825655937195,-0.030110299587249756,0.6378824710845947,0.732328474521637,-0.03919316455721855,0.5819228291511536,0.7458200454711914,-0.04029928147792816,0.6105042695999146,0.7626032829284668,-0.027563558891415596,0.6424422860145569,0.7612058520317078,-0.02181199938058853,0.6425386667251587,0.8064197897911072,-0.043765511363744736,0.5963109731674194,0.8094251155853271,-0.04309520870447159,0.6249001026153564,0.8197681903839111,-0.028363896533846855,0.6541555523872375,0.8189347982406616,-0.016913216561079025,2
0.8183664679527283,0.7843424677848816,-1.8745224394933757e-07,0.7935360670089722,0.6599889993667603,-0.0004023675573989749,0.7524920105934143,0.5537428855895996,-0.013038531877100468,0.7212144732475281,0.4636029899120331,-0.027208277955651283,0.7204806804656982,0.3857171833515167,-0.04256851226091385,0.6515782475471497,0.5824571251869202,-0.02838318981230259,0.5700823068618774,0.6220578551292419,-0.03719590604305267,0.6009728312492371,0.6429631114006042,-0.040104929357767105,0.6368627548217773,0.6372002959251404,-0.041676294058561325,0.6391749978065491,0.6603732109069824,-0.036440249532461166,0.5718520879745483,0.6864933967590332,-0.03747446462512016,0.6027651429176331,0.7020416855812073,-0.03204162418842316,0.6364052295684814,0.6968302130699158,-0.031711645424366,0.6385814547538757,0.7386873960494995,-0.0421820767223835,0.5803500413894653,0.7487738728523254,-0.0422646701335907,0.609738826751709,0.7628175616264343,-0.02847224846482277,0.6429567337036133,0.7607247829437256,-0.022412924095988274,0.6459546089172363,0.8122656345367432,-0.04773038625717163,0.5948616862297058,0.8124548196792603,-0.04685314744710922,0.6241108775138855,0.8209589719772339,-0.03063717484474182,0.6552147269248962,0.8199841380119324,-0.018210507929325104,2
0.8230812549591064,0.7876057028770447,-1.5792065255482157e-07,0.7998466491699219,0.6663476824760437,-0.002443695440888405,0.7590917348861694,0.563191294670105,-0.01727268658578396,0.7252044677734375,0.47839611768722534,-0.032653626054525375,0.7236630916595459,0.4005534052848816,-0.04865222051739693,0.6573135852813721,0.585321307182312,-0.0361214317381382,0.5714987516403198,0.628483235836029,-0.045287758111953735,0.6017791032791138,0.6507512331008911,-0.045770470052957535,0.6364348530769348,0.6454075574874878,-0.04556838423013687,0.6453231573104858,0.6633896827697754,-0.043600358068943024,0.5720978379249573,0.6918513178825378,-0.04629942402243614,0.6025701761245728,0.7076862454414368,-0.03918915241956711,0.6360886693000793,0.7027432322502136,-0.0374244824051857,0.6437145471572876,0.7424312829971313,-0.04844445735216141,0.5808185935020447,0.7542809247970581,-0.05003117397427559,0.6100879311561584,0.7683514356613159,-0.035005684942007065,0.6434893608093262,0.7662081718444824,-0.027953598648309708,0.6493510603904724,0.8176746368408203,-0.05303354933857918,0.5951206088066101,0.8189933896064758,-0.05345635116100311,0.6240633726119995,0.8271348476409912,-0.037294238805770874,0.6544175148010254,0.8250566124916077,-0.024872321635484695,2
0.8235697746276855,0.7896991968154907,-1.9221353397824714e-07,0.8014742732048035,0.6701881885528564,-0.0017992880893871188,0.7624402642250061,0.565865695476532,-0.015409081242978573,0.7245455384254456,0.4827822744846344,-0.029659977182745934,0.7209720611572266,0.40400874614715576,-0.044482145458459854,0.6582976579666138,0.5885247588157654,-0.030260497704148293,0.5735374689102173,0.6270290613174438,-0.03795855492353439,0.6029730439186096,0.6526283025741577,-0.03812479227781296,0.6393877863883972,0.6496542692184448,-0.037540387362241745,0.6451833844184875,0.6643566489219666,-0.036561790853738785,0.5740217566490173,0.6940757036209106,-0.0371534638106823,0.6047540307044983,0.7130023837089539,-0.029705407097935677,0.6388073563575745,0.7075547575950623,-0.027647441253066063,0.6428293585777283,0.7419922351837158,-0.04048111289739609,0.5824847221374512,0.7565519213676453,-0.03990558907389641,0.6121665835380554,0.7729982733726501,-0.025783512741327286,0.6455522179603577,0.7701858878135681,-0.019739579409360886,0.6475125551223755,0.8160855174064636,-0.04412223398685455,0.5974958539009094,0.8194327354431152,-0.04245883598923683,0.6272587776184082,0.8293032050132751,-0.026921844109892845,0.6576540470123291,0.8273806571960449,-0.01525069773197174,2
0.8304308652877808,0.7913994789123535,-2.086129029521544e-07,0.803712010383606,0.670548141002655,0.0018576215952634811,0.760965883731842,0.5656765103340149,-0.010606746189296246,0.7269746661186218,0.4793476462364197,-0.02427072636783123,0.726248562335968,0.40142756700515747,-0.03877090662717819,0.6600763201713562,0.5855532288551331,-0.02970477007329464,0.5736774206161499,0.6287514567375183,-0.03730925917625427,0.6044143438339233,0.6543221473693848,-0.037612318992614746,0.6404472589492798,0.6496034264564514,-0.03714537248015404,0.6482471227645874,0.6612535715103149,-0.03833288326859474,0.5748252868652344,0.6951239705085754,-0.038416702300310135,0.6059228777885437,0.7148905396461487,-0.03074577823281288,0.640060305595398,0.7086957693099976,-0.028704609721899033,0.6465160250663757,0.7398741245269775,-0.044135257601737976,0.5837793946266174,0.758374810218811,-0.042763397097587585,0.6136764883995056,0.7748384475708008,-0.027567151933908463,0.6470444202423096,0.7713449001312256,-0.020908519625663757,0.6523653268814087,0.8158903121948242,-0.04940783604979515,0.598278284072876,0.8196847438812256,-0.046965066343545914,0.6281800866127014,0.8299155235290527,-0.029735097661614418,0.6588643193244934,0.8278729915618896,-0.016826394945383072,2
0.8286991715431213,0.7929660677909851,-1.9716689791948738e-07,0.8038535714149475,0.6731151938438416,0.0006032789242453873,0.7615645527839661,0.5669664740562439,-0.011332605965435505,0.7254346609115601,0.48063480854034424,-0.024325331673026085,0.7236997485160828,0.4035192131996155,-0.03789668530225754,0.6590477228164673,0.5875105857849121,-0.02753421664237976,0.5756911039352417,0.628626823425293,-0.03558510169386864,0.6056124567985535,0.6535924077033997,-0.03710230812430382,0.6406729221343994,0.6490058302879333,-0.03753662109375,0.6468570232391357,0.6643105149269104,-0.03548642247915268,0.5767548084259033,0.6975137591362,-0.036531124264001846,0.6076407432556152,0.716286838054657,-0.02969447337090969,0.6414172053337097,0.7095202207565308,-0.0280443225055933,0.644781768321991,0.742951512336731,-0.04102284461259842,0.5852620005607605,0.7606693506240845,-0.04092525690793991,0.6147050857543945,0.7768738269805908,-0.026631616055965424,0.6483546495437622,0.7734830975532532,-0.020222634077072144,0.6496286392211914,0.8180920481681824,-0.046211257576942444,0.5996618866920471,0.8229444026947021,-0.04489033296704292,0.6296451687812805,0.8335203528404236,-0.028896117582917213,0.6606000065803528,0.8311066627502441,-0.016552109271287918,2
0.8278437852859497,0.7926492094993591,-1.9153456776166422e-07,0.8032680749893188,0.6708136796951294,0.0004995122435502708,0.7621084451675415,0.5680167078971863,-0.012546061538159847,0.7283334732055664,0.4838676452636719,-0.026988061144948006,0.7269483804702759,0.4061044454574585,-0.042210452258586884,0.6607515215873718,0.5920616388320923,-0.030184486880898476,0.5770614147186279,0.6292976140975952,-0.039084210991859436,0.6078495383262634,0.6503797173500061,-0.04063158482313156,0.6440110206604004,0.6447791457176208,-0.04107426106929779,0.6482236385345459,0.6689043045043945,-0.03873874247074127,0.5777992010116577,0.6946373581886292,-0.04011933133006096,0.60956871509552,0.712225615978241,-0.03330820053815842,0.6439821124076843,0.7078543305397034,-0.03163132444024086,0.6469593644142151,0.7475770711898804,-0.044721975922584534,0.5866419076919556,0.7583048343658447,-0.04446032643318176,0.6169236302375793,0.773331880569458,-0.029213333502411842,0.650144100189209,0.770822286605835,-0.022240247577428818,0.6539571285247803,0.8228011131286621,-0.050337668508291245,0.6008431911468506,0.8212048411369324,-0.048367567360401154,0.6307070255279541,0.8306602835655212,-0.030662765726447105,0.6612679362297058,0.829933762550354,-0.017412202432751656,2
0.8293538093566895,0.7904910445213318,-1.894148908831994e-07,0.8043251633644104,0.668373167514801,0.002064333064481616,0.7626239657402039,0.5653698444366455,-0.009822256863117218,0.7256362438201904,0.4815658926963806,-0.023176176473498344,0.7210384607315063,0.40323206782341003,-0.03716689348220825,0.6598655581474304,0.5892115831375122,-0.028072237968444824,0.5739522576332092,0.6284487247467041,-0.035770077258348465,0.6047146916389465,0.649806022644043,-0.03598320484161377,0.6407275795936584,0.6445847153663635,-0.03547152504324913,0.6483204364776611,0.6661280393600464,-0.03674834966659546,0.5751019716262817,0.6948174834251404,-0.036884061992168427,0.6072981357574463,0.7110421061515808,-0.028347164392471313,0.6413955092430115,0.7050008177757263,-0.02585046924650669,0.6478177905082703,0.744470477104187,-0.042904362082481384,0.5843411684036255,0.7582796216011047,-0.042076755315065384,0.6146515011787415,0.771931529045105,-0.026272661983966827,0.6483824849128723,0.7681731581687927,-0.01923026517033577,0.655075192451477,0.8194081783294678,-0.04855453595519066,0.6008846759796143,0.8226420879364014,-0.04656685143709183,0.6305024027824402,0.8297396898269653,-0.029659103602170944,0.6610952019691467,0.8266504406929016,-0.017155997455120087,2
0.8284645080566406,0.7901548743247986,-1.9857216670970956e-07,0.803657591342926,0.6692810654640198,0.0017018088838085532,0.7634016275405884,0.5670895576477051,-0.010624500922858715,0.7274706959724426,0.4851951003074646,-0.024143148213624954,0.7209389805793762,0.4097926616668701,-0.038082413375377655,0.6590420603752136,0.5883864760398865,-0.029104702174663544,0.5721684694290161,0.6281006336212158,-0.03771030530333519,0.6030995845794678,0.6485124230384827,-0.03887639194726944,0.6391840577125549,0.641960620880127,-0.038812849670648575,0.6473846435546875,0.6649543642997742,-0.03759027272462845,0.5725753903388977,0.6949732899665833,-0.03844938799738884,0.6054598093032837,0.711861252784729,-0.030632534995675087,0.6400353908538818,0.7058334946632385,-0.028362948447465897,0.6465778946876526,0.743402361869812,-0.043493565171957016,0.5829522609710693,0.7606094479560852,-0.04294523596763611,0.6139253377914429,0.7748810052871704,-0.02735191211104393,0.6479392647743225,0.7705379724502563,-0.020162217319011688,0.6537792086601257,0.8193099498748779,-0.04889703541994095,0.5975738763809204,0.8248446583747864,-0.047207463532686234,0.6272022128105164,0.8336024880409241,-0.030062781646847725,0.6587316989898682,0.8307991027832031,-0.017074260860681534,2
0.8265088796615601,0.7892065644264221,-1.9177929289071471e-07,0.8002768158912659,0.6691057085990906,0.0006127366796135902,0.7572208046913147,0.5645817518234253,-0.012730123475193977,0.7193852663040161,0.4803884029388428,-0.026817282661795616,0.7175076007843018,0.39993205666542053,-0.04160759225487709,0.6575105786323547,0.5898275971412659,-0.034087277948856354,0.5735511183738708,0.6309173703193665,-0.04162728041410446,0.6051212549209595,0.6514284014701843,-0.040400516241788864,0.6408452391624451,0.6452805995941162,-0.039051707834005356,0.6459577083587646,0.6674081087112427,-0.04223174229264259,0.573943555355072,0.6951736807823181,-0.04320044070482254,0.6063464283943176,0.7118507027626038,-0.034316178411245346,0.6405245065689087,0.706825852394104,-0.03141256421804428,0.6452480554580688,0.7459691166877747,-0.04734998941421509,0.5832002758979797,0.7581332921981812,-0.04647258669137955,0.6142976880073547,0.7731061577796936,-0.02981621026992798,0.6478997468948364,0.7701286673545837,-0.022277604788541794,0.6523191928863525,0.8211848139762878,-0.05200953409075737,0.5990505218505859,0.8229349851608276,-0.04971546679735184,0.629725456237793,0.8322449922561646,-0.032136037945747375,0.6600276827812195,0.8303728103637695,-0.019258027896285057,2
0.8259485363960266,0.7889315485954285,-2.0182845617000567e-07,0.8009804487228394,0.6689192056655884,0.00010338267020415515,0.7594535946846008,0.5676634311676025,-0.012518782168626785,0.7234256863594055,0.483120858669281,-0.026199504733085632,0.7184933423995972,0.4068910777568817,-0.04063456878066063,0.6583827137947083,0.593386709690094,-0.03118991106748581,0.5739476084709167,0.6319125890731812,-0.038759391754865646,0.6048567891120911,0.6544593572616577,-0.03833368420600891,0.6400943994522095,0.6486454010009766,-0.03756289556622505,0.647649884223938,0.6682766079902649,-0.03906505927443504,0.5745672583580017,0.6963700652122498,-0.03992294892668724,0.6064946055412292,0.7141411304473877,-0.031738098710775375,0.6405669450759888,0.708462119102478,-0.029108433052897453,0.6477128863334656,0.7449219226837158,-0.04432501271367073,0.5849752426147461,0.7608498334884644,-0.043922848999500275,0.6153662204742432,0.7752155065536499,-0.02836616337299347,0.6485195159912109,0.7711414098739624,-0.021294716745615005,0.6551690697669983,0.8187488317489624,-0.049164894968271255,0.601215660572052,0.823836088180542,-0.04772209748625755,0.6301563382148743,0.8318643569946289,-0.031033728271722794,0.6603059768676758,0.8285017609596252,-0.01856476254761219,2
0.82906174659729,0.7947316765785217,-2.3272860971701448e-07,0.8030098676681519,0.672188937664032,0.0018423502333462238,0.7606812715530396,0.5707587599754333,-0.00955216959118843,0.7225657105445862,0.48791444301605225,-0.02198069356381893,0.716200053691864,0.41198673844337463,-0.03485003113746643,0.65909343957901,0.5918805003166199,-0.02940143644809723,0.5739144682884216,0.6350468397140503,-0.036149945110082626,0.6056746244430542,0.660389244556427,-0.03541787341237068,0.6424002647399902,0.6559619307518005,-0.03435788303613663,0.6474273204803467,0.6681308150291443,-0.03755257651209831,0.5750917792320251,0.7013224959373474,-0.03626897186040878,0.6066448092460632,0.7213528156280518,-0.027326617389917374,0.6402654647827148,0.7149902582168579,-0.02493567019701004,0.646195113658905,0.7464374899864197,-0.04297538474202156,0.5845555067062378,0.7640432715415955,-0.04135800898075104,0.6145885586738586,0.7803389430046082,-0.02531694620847702,0.6476197242736816,0.7766197919845581,-0.018430091440677643,0.65284264087677,0.8220027089118958,-0.04784483462572098,0.5998212099075317,0.8256793022155762,-0.04549058526754379,0.6293894052505493,0.8357053995132446,-0.02806016243994236,0.6596986055374146,0.8338099718093872,-0.015193929895758629,2
0.8296569585800171,0.8005281686782837,-2.3127293502511748e-07,0.8035517334938049,0.6810988187789917,-8.794927271082997e-05,0.7594003677368164,0.5753191113471985,-0.011354762129485607,0.722580075263977,0.4900878965854645,-0.023791121318936348,0.7147195935249329,0.41475409269332886,-0.03638699650764465,0.6598264575004578,0.5965107679367065,-0.026177076622843742,0.5750353336334229,0.6341570615768433,-0.03630426898598671,0.6056227684020996,0.6576600074768066,-0.03953855112195015,0.6413959264755249,0.6520256400108337,-0.04090334475040436,0.6485043168067932,0.671515703201294,-0.034172751009464264,0.5754089951515198,0.7015385031700134,-0.03697389364242554,0.6068094968795776,0.7211176156997681,-0.030960435047745705,0.6412461996078491,0.7147372961044312,-0.029417503625154495,0.6468005776405334,0.7480738759040833,-0.04027407243847847,0.5848085284233093,0.7661924362182617,-0.042026497423648834,0.6147904396057129,0.7829711437225342,-0.02727261185646057,0.6487663388252258,0.778908371925354,-0.019979380071163177,0.6524325013160706,0.821393609046936,-0.04615475982427597,0.5998662710189819,0.8280594348907471,-0.04627283662557602,0.6294555068016052,0.8398048281669617,-0.030075037851929665,0.6608934998512268,0.8378251791000366,-0.01726381666958332,2
0.8310456275939941,0.7993242740631104,-2.2711040514877823e-07,0.8032503128051758,0.6787471771240234,0.0008854099432937801,0.7584402561187744,0.573646605014801,-0.011253773234784603,0.723687469959259,0.48574966192245483,-0.024889085441827774,0.7181603908538818,0.4073233902454376,-0.03910005837678909,0.661096453666687,0.5955469608306885,-0.02565097250044346,0.5762329697608948,0.6351572871208191,-0.03644903376698494,0.6065266728401184,0.6601108312606812,-0.040967877954244614,0.6428377628326416,0.6549851894378662,-0.04312015324831009,0.6502726674079895,0.6700361371040344,-0.034110669046640396,0.5766127705574036,0.7042185664176941,-0.0360720232129097,0.6073446273803711,0.7236776947975159,-0.03007660247385502,0.6410239338874817,0.7160372734069824,-0.02906714752316475,0.6489492058753967,0.747413158416748,-0.04067082330584526,0.5850395560264587,0.7671315670013428,-0.041611168533563614,0.6150388121604919,0.7841402292251587,-0.02689822018146515,0.6485754251480103,0.779401421546936,-0.02003292553126812,0.654694139957428,0.8220502138137817,-0.04689861834049225,0.6007905006408691,0.8303729891777039,-0.04622134566307068,0.6304331421852112,0.8408061265945435,-0.02976466529071331,0.6615510582923889,0.837315022945404,-0.01705365814268589,2
0.8310944437980652,0.7988619804382324,-2.1517020343253535e-07,0.8030335307121277,0.6763648986816406,0.0013589963782578707,0.7570143342018127,0.571933388710022,-0.010640574619174004,0.717268168926239,0.4855123460292816,-0.02387247607111931,0.7124096155166626,0.40520402789115906,-0.03766978159546852,0.6608923077583313,0.597021758556366,-0.02774990350008011,0.5756532549858093,0.6372842788696289,-0.03646136820316315,0.6066561937332153,0.6603769659996033,-0.038115181028842926,0.6427542567253113,0.6543582081794739,-0.03862538933753967,0.6506158113479614,0.6739859580993652,-0.03633144497871399,0.5765005350112915,0.7053008675575256,-0.037040576338768005,0.6085229516029358,0.7238548398017883,-0.029292961582541466,0.6431800723075867,0.7169181704521179,-0.027112985029816628,0.6500337719917297,0.7521628737449646,-0.04256439954042435,0.5867938995361328,0.7678986191749573,-0.04251827299594879,0.6165016293525696,0.7835190892219543,-0.026747023686766624,0.650077760219574,0.779030442237854,-0.01940389908850193,0.6563742160797119,0.8267488479614258,-0.04833795502781868,0.6014955043792725,0.8306447267532349,-0.04682038351893425,0.631115198135376,0.8403593897819519,-0.029644573107361794,0.6623222827911377,0.8375829458236694,-0.01664872094988823,2
0.829113245010376,0.7956522703170776,-2.0810293221984466e-07,0.8009284138679504,0.6767352819442749,-0.0016283412696793675,0.7572150230407715,0.5730921626091003,-0.01615554839372635,0.7226902842521667,0.48872464895248413,-0.031521935015916824,0.7177107334136963,0.4104604125022888,-0.047424666583538055,0.6632331013679504,0.594534158706665,-0.03391595557332039,0.5743392109870911,0.6398711800575256,-0.04657541587948799,0.6049720644950867,0.6651628613471985,-0.04989135265350342,0.6420294642448425,0.6591493487358093,-0.05082868039608002,0.6537418961524963,0.6713585257530212,-0.04204477369785309,0.5761435031890869,0.7072125673294067,-0.04721182584762573,0.6076256036758423,0.7270491123199463,-0.04050039127469063,0.6428845524787903,0.7188840508460999,-0.038503438234329224,0.6528231501579285,0.7500067353248596,-0.04815039411187172,0.5870330929756165,0.7710300087928772,-0.051705557852983475,0.6176591515541077,0.787883996963501,-0.03592507168650627,0.6518753170967102,0.7816632390022278,-0.027963394299149513,0.6581475734710693,0.8256140947341919,-0.05401074141263962,0.6014370918273926,0.8322088718414307,-0.05533944070339203,0.6318489909172058,0.8438025116920471,-0.03858334943652153,0.6633248329162598,0.8408600091934204,-0.025524748489260674,2
0.8368187546730042,0.7952969670295715,-2.4098409312500735e-07,0.808112382888794,0.6768798232078552,0.0005911508342251182,0.7609347105026245,0.5727465152740479,-0.01159405242651701,0.7225697040557861,0.48821717500686646,-0.02489926852285862,0.7168818116188049,0.40956568717956543,-0.038620129227638245,0.6622847318649292,0.5942940711975098,-0.029854366555809975,0.573896586894989,0.6368399858474731,-0.04033779352903366,0.6045239567756653,0.661788821220398,-0.04195963963866234,0.6411299705505371,0.6567027568817139,-0.04192012548446655,0.6525008082389832,0.6688442230224609,-0.03847379609942436,0.5746917128562927,0.7045873403549194,-0.04143039509654045,0.6072021722793579,0.7240164875984192,-0.03350929915904999,0.6415912508964539,0.7159249782562256,-0.030742807313799858,0.6525221467018127,0.7460520267486572,-0.04493603855371475,0.5851091146469116,0.768067479133606,-0.04728018492460251,0.6162598133087158,0.7840415239334106,-0.031589020043611526,0.6500309705734253,0.7781804203987122,-0.023758310824632645,0.6595463752746582,0.821736216545105,-0.05089355632662773,0.6013126373291016,0.8299331665039062,-0.05150887742638588,0.6316843032836914,0.8396738171577454,-0.03489741310477257,0.6630483865737915,0.836094319820404,-0.02193097025156021,2
0.8339375853538513,0.8026331067085266,-2.629780624374689e-07,0.8063816428184509,0.6818307638168335,0.0022636482026427984,0.7592563629150391,0.5765254497528076,-0.00937808956950903,0.7185921669006348,0.49160248041152954,-0.022270018234848976,0.7124724984169006,0.4108819365501404,-0.0354403480887413,0.6629742980003357,0.5946300625801086,-0.027993297204375267,0.5756005048751831,0.6369295716285706,-0.037764497101306915,0.6076671481132507,0.6622461676597595,-0.03895274177193642,0.644341230392456,0.6557069420814514,-0.03874799236655235,0.6526257991790771,0.6697446703910828,-0.03725454583764076,0.5750206708908081,0.7046257257461548,-0.039143890142440796,0.6076991558074951,0.7257782220840454,-0.030600640922784805,0.6422112584114075,0.7183599472045898,-0.027511311694979668,0.651492714881897,0.7482782006263733,-0.04428119957447052,0.5841560363769531,0.7698501944541931,-0.04548915848135948,0.616425633430481,0.7877662181854248,-0.028736881911754608,0.6505537629127502,0.7813912630081177,-0.020419089123606682,0.657787561416626,0.8256831169128418,-0.05071259289979935,0.5997191667556763,0.8337891697883606,-0.050089653581380844,0.6316978335380554,0.844582200050354,-0.032596293836832047,0.6636456847190857,0.8404696583747864,-0.019239766523241997,2
0.8312561511993408,0.7999034523963928,-2.1988181231336057e-07,0.8044750094413757,0.6777799725532532,0.0014817646006122231,0.7603558301925659,0.5744987726211548,-0.010488098487257957,0.7214910387992859,0.48849937319755554,-0.023737546056509018,0.7155529260635376,0.4104727804660797,-0.037461262196302414,0.6637605428695679,0.6009211540222168,-0.028289658948779106,0.5764075517654419,0.6393179893493652,-0.03716198727488518,0.6075114011764526,0.6628837585449219,-0.038442738354206085,0.6448783874511719,0.6579039692878723,-0.03835897892713547,0.6527445316314697,0.6758143901824951,-0.03657360002398491,0.5770191550254822,0.7066506743431091,-0.03710738569498062,0.6083214282989502,0.7249419093132019,-0.028988594189286232,0.6426420211791992,0.7186915874481201,-0.026511987671256065,0.6513293981552124,0.7534070611000061,-0.04250369966030121,0.5874806046485901,0.7717248201370239,-0.04156256094574928,0.6176977753639221,0.7865092158317566,-0.025797491893172264,0.6508734226226807,0.7816206216812134,-0.018779460340738297,0.6570656299591064,0.8284505605697632,-0.04796619340777397,0.6024297475814819,0.8344661593437195,-0.04564348980784416,0.632232129573822,0.8433887958526611,-0.02839692495763302,0.6631890535354614,0.8405316472053528,-0.015644308179616928,2
0.8266323208808899,0.7931774854660034,-2.396507454704988e-07,0.7997432947158813,0.6759379506111145,-0.00055421341676265,0.757182776927948,0.5729042291641235,-0.014241558499634266,0.7201613783836365,0.4893264174461365,-0.028882276266813278,0.7135686278343201,0.4111974239349365,-0.04404882341623306,0.6608691811561584,0.5982149243354797,-0.034126002341508865,0.5756732821464539,0.640787661075592,-0.045107338577508926,0.6078094244003296,0.6626994609832764,-0.04654933512210846,0.6447688937187195,0.6556087732315063,-0.04656101390719414,0.651369035243988,0.6734613180160522,-0.0426894947886467,0.5767861604690552,0.7071397304534912,-0.046620506793260574,0.6097011566162109,0.7242380976676941,-0.03888964653015137,0.6447501182556152,0.7164850831031799,-0.0365331694483757,0.6514683961868286,0.7498114109039307,-0.048926301300525665,0.5874617695808411,0.7700996994972229,-0.05123581737279892,0.6191080212593079,0.7852528691291809,-0.035077910870313644,0.6533474922180176,0.7792576551437378,-0.027402397245168686,0.658072292804718,0.8236435055732727,-0.05483357608318329,0.6020282506942749,0.8332366943359375,-0.05566181614995003,0.6323416829109192,0.8426247239112854,-0.03919408097863197,0.6640029549598694,0.8393311500549316,-0.0266746636480093,2
